<?xml version="1.0" encoding="UTF-8"?><MD_Metadata xmlns:xlink="http://www.w3.org/1999/xlink" xmlns:srv="http://www.isotc211.org/2005/srv" xmlns:gts="http://www.isotc211.org/2005/gts" xmlns:xalan="http://xml.apache.org/xalan" xmlns:gco="http://www.isotc211.org/2005/gco" xmlns:gml="http://www.opengis.net/gml" xmlns:xsi="http://www.w3.org/2001/XMLSchema-instance" xmlns="http://www.isotc211.org/2005/gmd">
    <fileIdentifier>
        <gco:CharacterString>1594308465656r5118405950092355</gco:CharacterString>
    </fileIdentifier>
    <language>
        <LanguageCode codeList="http://www.loc.gov/standards/iso639-2/php/code_list.php" codeListValue="eng" codeSpace="ISO639-2">eng</LanguageCode>
    </language>
    <characterSet>
        <MD_CharacterSetCode codeList="http://www.isotc211.org/2005/resources/Codelist/gmxCodelists.xml#MD_CharacterSetCode" codeListValue="utf8" codeSpace="ISOTC211/19115">utf8</MD_CharacterSetCode>
    </characterSet>
    <hierarchyLevel>
        <MD_ScopeCode codeList="http://www.isotc211.org/2005/resources/Codelist/gmxCodelists.xml#MD_ScopeCode" codeListValue="dataset" codeSpace="ISOTC211/19115">dataset</MD_ScopeCode>
    </hierarchyLevel>
    <contact>
        <CI_ResponsibleParty>
            <contactInfo gco:nilReason="missing"/>
            <role>
                <CI_RoleCode codeList="http://www.isotc211.org/2005/resources/Codelist/gmxCodelists.xml#CI_RoleCode" codeListValue="pointOfContact" codeSpace="ISOTC211/19115">pointOfContact</CI_RoleCode>
            </role>
        </CI_ResponsibleParty>
    </contact>
    <dateStamp>
        <gco:Date>2020-06-12</gco:Date>
    </dateStamp>
    <metadataStandardName>
        <gco:CharacterString>NAP - Metadata</gco:CharacterString>
    </metadataStandardName>
    <metadataStandardVersion>
        <gco:CharacterString>1.2</gco:CharacterString>
    </metadataStandardVersion>
    <spatialRepresentationInfo>
        <MD_VectorSpatialRepresentation>
            <topologyLevel>
                <MD_TopologyLevelCode codeList="http://www.isotc211.org/2005/resources/Codelist/gmxCodelists.xml#MD_TopologyLevelCode" codeListValue="geometryOnly" codeSpace="ISOTC211/19115">geometryOnly</MD_TopologyLevelCode>
            </topologyLevel>
            <geometricObjects>
                <MD_GeometricObjects>
                    <geometricObjectType>
                        <MD_GeometricObjectTypeCode codeList="http://www.isotc211.org/2005/resources/Codelist/gmxCodelists.xml#MD_GeometricObjectTypeCode" codeListValue="composite" codeSpace="ISOTC211/19115">composite</MD_GeometricObjectTypeCode>
                    </geometricObjectType>
                    <geometricObjectCount>
                        <gco:Integer>71</gco:Integer>
                    </geometricObjectCount>
                </MD_GeometricObjects>
            </geometricObjects>
        </MD_VectorSpatialRepresentation>
    </spatialRepresentationInfo>
    <referenceSystemInfo>
        <MD_ReferenceSystem>
            <referenceSystemIdentifier>
                <RS_Identifier>
                    <code>
                        <gco:CharacterString>4326</gco:CharacterString>
                    </code>
                    <codeSpace>
                        <gco:CharacterString>EPSG</gco:CharacterString>
                    </codeSpace>
                    <version>
                        <gco:CharacterString>6.14(3.0.1)</gco:CharacterString>
                    </version>
                </RS_Identifier>
            </referenceSystemIdentifier>
        </MD_ReferenceSystem>
    </referenceSystemInfo>
    <identificationInfo>
        <MD_DataIdentification>
            <citation>
                <CI_Citation>
                    <title>
                        <gco:CharacterString>Control_Areas</gco:CharacterString>
                    </title>
                    <date gco:nilReason="missing"/>
                    <citedResponsibleParty gco:nilReason="missing"/>
                    <presentationForm>
                        <CI_PresentationFormCode codeList="http://www.isotc211.org/2005/resources/Codelist/gmxCodelists.xml#CI_PresentationFormCode" codeListValue="mapDigital" codeSpace="ISOTC211/19115">mapDigital</CI_PresentationFormCode>
                    </presentationForm>
                </CI_Citation>
            </citation>
            <abstract>
                <gco:CharacterString>This feature class/shapefile represents electric power control areas. Control Areas, also known as Balancing Authority Areas, are controlled by Balancing Authorities, who are responsible for monitoring and balancing the generation, load, and transmission of electric power within their region, often comprised of the retail service territories of numerous electric power utilities. Each control area is interconnected with neighboring ones to facilitate emergency support, coordinated operations, and power purchases and sales. The following updates have been made since the previous release: numerous geometries improved.</gco:CharacterString>
            </abstract>
            <purpose>
                <gco:CharacterString>This feature class/shapefile is for the Homeland Infrastructure Foundation Level Database (HIFLD) (https://gii.dhs.gov/HIFLD) as well as the Energy modelling and simulation community.</gco:CharacterString>
            </purpose>
            <credit>
                <gco:CharacterString>Oak Ridge National Laboratory (ORNL), Los Alamos National Laboratory (LANL), Idaho National Laboratory (INL), National Geospatial-Intelligence Agency (NGA) Homeland Security Infrastructure Program (HSIP) Team</gco:CharacterString>
            </credit>
            <status gco:nilReason="missing"/>
            <descriptiveKeywords>
                <MD_Keywords>
                    <keyword>
                        <gco:CharacterString>Downloadable Data</gco:CharacterString>
                    </keyword>
                    <thesaurusName uuidref="723f6998-058e-11dc-8314-0800200c9a66"/>
                </MD_Keywords>
            </descriptiveKeywords>
            <descriptiveKeywords>
                <MD_Keywords>
                    <keyword>
                        <gco:CharacterString>homeland security</gco:CharacterString>
                    </keyword>
                    <keyword>
                        <gco:CharacterString>homeland defense</gco:CharacterString>
                    </keyword>
                    <keyword>
                        <gco:CharacterString>emergency response</gco:CharacterString>
                    </keyword>
                    <keyword>
                        <gco:CharacterString>name</gco:CharacterString>
                    </keyword>
                    <keyword>
                        <gco:CharacterString>address</gco:CharacterString>
                    </keyword>
                    <keyword>
                        <gco:CharacterString>electricity</gco:CharacterString>
                    </keyword>
                    <keyword>
                        <gco:CharacterString>control area</gco:CharacterString>
                    </keyword>
                    <keyword>
                        <gco:CharacterString>balancing authority</gco:CharacterString>
                    </keyword>
                    <keyword>
                        <gco:CharacterString>transmission</gco:CharacterString>
                    </keyword>
                    <keyword>
                        <gco:CharacterString>energy infrastructure</gco:CharacterString>
                    </keyword>
                    <keyword>
                        <gco:CharacterString>megawatts</gco:CharacterString>
                    </keyword>
                    <keyword>
                        <gco:CharacterString>megawatt hours</gco:CharacterString>
                    </keyword>
                    <keyword>
                        <gco:CharacterString>peak demand</gco:CharacterString>
                    </keyword>
                    <keyword>
                        <gco:CharacterString>capacity</gco:CharacterString>
                    </keyword>
                </MD_Keywords>
            </descriptiveKeywords>
            <descriptiveKeywords>
                <MD_Keywords>
                    <keyword>
                        <gco:CharacterString>homeland security</gco:CharacterString>
                    </keyword>
                    <keyword>
                        <gco:CharacterString>homeland defense</gco:CharacterString>
                    </keyword>
                    <keyword>
                        <gco:CharacterString>emergency response</gco:CharacterString>
                    </keyword>
                    <keyword>
                        <gco:CharacterString>name</gco:CharacterString>
                    </keyword>
                    <keyword>
                        <gco:CharacterString>address</gco:CharacterString>
                    </keyword>
                    <keyword>
                        <gco:CharacterString>electricity</gco:CharacterString>
                    </keyword>
                    <keyword>
                        <gco:CharacterString>control area</gco:CharacterString>
                    </keyword>
                    <keyword>
                        <gco:CharacterString>balancing authority</gco:CharacterString>
                    </keyword>
                    <keyword>
                        <gco:CharacterString>transmission</gco:CharacterString>
                    </keyword>
                    <keyword>
                        <gco:CharacterString>energy infrastructure</gco:CharacterString>
                    </keyword>
                    <keyword>
                        <gco:CharacterString>megawatts</gco:CharacterString>
                    </keyword>
                    <keyword>
                        <gco:CharacterString>megawatt hours</gco:CharacterString>
                    </keyword>
                    <keyword>
                        <gco:CharacterString>peak demand</gco:CharacterString>
                    </keyword>
                    <keyword>
                        <gco:CharacterString>capacity</gco:CharacterString>
                    </keyword>
                </MD_Keywords>
            </descriptiveKeywords>
            <descriptiveKeywords>
                <MD_Keywords>
                    <keyword>
                        <gco:CharacterString>homeland security</gco:CharacterString>
                    </keyword>
                    <keyword>
                        <gco:CharacterString>homeland defense</gco:CharacterString>
                    </keyword>
                    <keyword>
                        <gco:CharacterString>emergency response</gco:CharacterString>
                    </keyword>
                    <keyword>
                        <gco:CharacterString>name</gco:CharacterString>
                    </keyword>
                    <keyword>
                        <gco:CharacterString>address</gco:CharacterString>
                    </keyword>
                    <keyword>
                        <gco:CharacterString>electricity</gco:CharacterString>
                    </keyword>
                    <keyword>
                        <gco:CharacterString>control area</gco:CharacterString>
                    </keyword>
                    <keyword>
                        <gco:CharacterString>balancing authority</gco:CharacterString>
                    </keyword>
                    <keyword>
                        <gco:CharacterString>transmission</gco:CharacterString>
                    </keyword>
                    <keyword>
                        <gco:CharacterString>energy infrastructure</gco:CharacterString>
                    </keyword>
                    <keyword>
                        <gco:CharacterString>megawatts</gco:CharacterString>
                    </keyword>
                    <keyword>
                        <gco:CharacterString>megawatt hours</gco:CharacterString>
                    </keyword>
                    <keyword>
                        <gco:CharacterString>peak demand</gco:CharacterString>
                    </keyword>
                    <keyword>
                        <gco:CharacterString>capacity</gco:CharacterString>
                    </keyword>
                </MD_Keywords>
            </descriptiveKeywords>
            <descriptiveKeywords>
                <MD_Keywords>
                    <keyword>
                        <gco:CharacterString>homeland security</gco:CharacterString>
                    </keyword>
                    <keyword>
                        <gco:CharacterString>homeland defense</gco:CharacterString>
                    </keyword>
                    <keyword>
                        <gco:CharacterString>emergency response</gco:CharacterString>
                    </keyword>
                    <keyword>
                        <gco:CharacterString>name</gco:CharacterString>
                    </keyword>
                    <keyword>
                        <gco:CharacterString>address</gco:CharacterString>
                    </keyword>
                    <keyword>
                        <gco:CharacterString>electricity</gco:CharacterString>
                    </keyword>
                    <keyword>
                        <gco:CharacterString>control area</gco:CharacterString>
                    </keyword>
                    <keyword>
                        <gco:CharacterString>balancing authority</gco:CharacterString>
                    </keyword>
                    <keyword>
                        <gco:CharacterString>transmission</gco:CharacterString>
                    </keyword>
                    <keyword>
                        <gco:CharacterString>energy infrastructure</gco:CharacterString>
                    </keyword>
                    <keyword>
                        <gco:CharacterString>megawatts</gco:CharacterString>
                    </keyword>
                    <keyword>
                        <gco:CharacterString>megawatt hours</gco:CharacterString>
                    </keyword>
                    <keyword>
                        <gco:CharacterString>peak demand</gco:CharacterString>
                    </keyword>
                    <keyword>
                        <gco:CharacterString>capacity</gco:CharacterString>
                    </keyword>
                </MD_Keywords>
            </descriptiveKeywords>
            <descriptiveKeywords>
                <MD_Keywords>
                    <keyword>
                        <gco:CharacterString>homeland security</gco:CharacterString>
                    </keyword>
                    <keyword>
                        <gco:CharacterString>homeland defense</gco:CharacterString>
                    </keyword>
                    <keyword>
                        <gco:CharacterString>emergency response</gco:CharacterString>
                    </keyword>
                    <keyword>
                        <gco:CharacterString>name</gco:CharacterString>
                    </keyword>
                    <keyword>
                        <gco:CharacterString>address</gco:CharacterString>
                    </keyword>
                    <keyword>
                        <gco:CharacterString>electricity</gco:CharacterString>
                    </keyword>
                    <keyword>
                        <gco:CharacterString>control area</gco:CharacterString>
                    </keyword>
                    <keyword>
                        <gco:CharacterString>balancing authority</gco:CharacterString>
                    </keyword>
                    <keyword>
                        <gco:CharacterString>transmission</gco:CharacterString>
                    </keyword>
                    <keyword>
                        <gco:CharacterString>energy infrastructure</gco:CharacterString>
                    </keyword>
                    <keyword>
                        <gco:CharacterString>megawatts</gco:CharacterString>
                    </keyword>
                    <keyword>
                        <gco:CharacterString>megawatt hours</gco:CharacterString>
                    </keyword>
                    <keyword>
                        <gco:CharacterString>peak demand</gco:CharacterString>
                    </keyword>
                    <keyword>
                        <gco:CharacterString>capacity</gco:CharacterString>
                    </keyword>
                </MD_Keywords>
            </descriptiveKeywords>
            <descriptiveKeywords>
                <MD_Keywords>
                    <keyword>
                        <gco:CharacterString>homeland security</gco:CharacterString>
                    </keyword>
                    <keyword>
                        <gco:CharacterString>homeland defense</gco:CharacterString>
                    </keyword>
                    <keyword>
                        <gco:CharacterString>emergency response</gco:CharacterString>
                    </keyword>
                    <keyword>
                        <gco:CharacterString>name</gco:CharacterString>
                    </keyword>
                    <keyword>
                        <gco:CharacterString>address</gco:CharacterString>
                    </keyword>
                    <keyword>
                        <gco:CharacterString>electricity</gco:CharacterString>
                    </keyword>
                    <keyword>
                        <gco:CharacterString>control area</gco:CharacterString>
                    </keyword>
                    <keyword>
                        <gco:CharacterString>balancing authority</gco:CharacterString>
                    </keyword>
                    <keyword>
                        <gco:CharacterString>transmission</gco:CharacterString>
                    </keyword>
                    <keyword>
                        <gco:CharacterString>energy infrastructure</gco:CharacterString>
                    </keyword>
                    <keyword>
                        <gco:CharacterString>megawatts</gco:CharacterString>
                    </keyword>
                    <keyword>
                        <gco:CharacterString>megawatt hours</gco:CharacterString>
                    </keyword>
                    <keyword>
                        <gco:CharacterString>peak demand</gco:CharacterString>
                    </keyword>
                    <keyword>
                        <gco:CharacterString>capacity</gco:CharacterString>
                    </keyword>
                </MD_Keywords>
            </descriptiveKeywords>
            <descriptiveKeywords>
                <MD_Keywords>
                    <keyword>
                        <gco:CharacterString>homeland security</gco:CharacterString>
                    </keyword>
                    <keyword>
                        <gco:CharacterString>homeland defense</gco:CharacterString>
                    </keyword>
                    <keyword>
                        <gco:CharacterString>emergency response</gco:CharacterString>
                    </keyword>
                    <keyword>
                        <gco:CharacterString>name</gco:CharacterString>
                    </keyword>
                    <keyword>
                        <gco:CharacterString>address</gco:CharacterString>
                    </keyword>
                    <keyword>
                        <gco:CharacterString>electricity</gco:CharacterString>
                    </keyword>
                    <keyword>
                        <gco:CharacterString>control area</gco:CharacterString>
                    </keyword>
                    <keyword>
                        <gco:CharacterString>balancing authority</gco:CharacterString>
                    </keyword>
                    <keyword>
                        <gco:CharacterString>transmission</gco:CharacterString>
                    </keyword>
                    <keyword>
                        <gco:CharacterString>energy infrastructure</gco:CharacterString>
                    </keyword>
                    <keyword>
                        <gco:CharacterString>megawatts</gco:CharacterString>
                    </keyword>
                    <keyword>
                        <gco:CharacterString>megawatt hours</gco:CharacterString>
                    </keyword>
                    <keyword>
                        <gco:CharacterString>peak demand</gco:CharacterString>
                    </keyword>
                    <keyword>
                        <gco:CharacterString>capacity</gco:CharacterString>
                    </keyword>
                </MD_Keywords>
            </descriptiveKeywords>
            <descriptiveKeywords>
                <MD_Keywords>
                    <keyword>
                        <gco:CharacterString>homeland security</gco:CharacterString>
                    </keyword>
                    <keyword>
                        <gco:CharacterString>homeland defense</gco:CharacterString>
                    </keyword>
                    <keyword>
                        <gco:CharacterString>emergency response</gco:CharacterString>
                    </keyword>
                    <keyword>
                        <gco:CharacterString>name</gco:CharacterString>
                    </keyword>
                    <keyword>
                        <gco:CharacterString>address</gco:CharacterString>
                    </keyword>
                    <keyword>
                        <gco:CharacterString>electricity</gco:CharacterString>
                    </keyword>
                    <keyword>
                        <gco:CharacterString>control area</gco:CharacterString>
                    </keyword>
                    <keyword>
                        <gco:CharacterString>balancing authority</gco:CharacterString>
                    </keyword>
                    <keyword>
                        <gco:CharacterString>transmission</gco:CharacterString>
                    </keyword>
                    <keyword>
                        <gco:CharacterString>energy infrastructure</gco:CharacterString>
                    </keyword>
                    <keyword>
                        <gco:CharacterString>megawatts</gco:CharacterString>
                    </keyword>
                    <keyword>
                        <gco:CharacterString>megawatt hours</gco:CharacterString>
                    </keyword>
                    <keyword>
                        <gco:CharacterString>peak demand</gco:CharacterString>
                    </keyword>
                    <keyword>
                        <gco:CharacterString>capacity</gco:CharacterString>
                    </keyword>
                </MD_Keywords>
            </descriptiveKeywords>
            <descriptiveKeywords>
                <MD_Keywords>
                    <keyword>
                        <gco:CharacterString>homeland security</gco:CharacterString>
                    </keyword>
                    <keyword>
                        <gco:CharacterString>homeland defense</gco:CharacterString>
                    </keyword>
                    <keyword>
                        <gco:CharacterString>emergency response</gco:CharacterString>
                    </keyword>
                    <keyword>
                        <gco:CharacterString>name</gco:CharacterString>
                    </keyword>
                    <keyword>
                        <gco:CharacterString>address</gco:CharacterString>
                    </keyword>
                    <keyword>
                        <gco:CharacterString>electricity</gco:CharacterString>
                    </keyword>
                    <keyword>
                        <gco:CharacterString>control area</gco:CharacterString>
                    </keyword>
                    <keyword>
                        <gco:CharacterString>balancing authority</gco:CharacterString>
                    </keyword>
                    <keyword>
                        <gco:CharacterString>transmission</gco:CharacterString>
                    </keyword>
                    <keyword>
                        <gco:CharacterString>energy infrastructure</gco:CharacterString>
                    </keyword>
                    <keyword>
                        <gco:CharacterString>megawatts</gco:CharacterString>
                    </keyword>
                    <keyword>
                        <gco:CharacterString>megawatt hours</gco:CharacterString>
                    </keyword>
                    <keyword>
                        <gco:CharacterString>peak demand</gco:CharacterString>
                    </keyword>
                    <keyword>
                        <gco:CharacterString>capacity</gco:CharacterString>
                    </keyword>
                </MD_Keywords>
            </descriptiveKeywords>
            <descriptiveKeywords>
                <MD_Keywords>
                    <keyword>
                        <gco:CharacterString>homeland security</gco:CharacterString>
                    </keyword>
                    <keyword>
                        <gco:CharacterString>homeland defense</gco:CharacterString>
                    </keyword>
                    <keyword>
                        <gco:CharacterString>emergency response</gco:CharacterString>
                    </keyword>
                    <keyword>
                        <gco:CharacterString>name</gco:CharacterString>
                    </keyword>
                    <keyword>
                        <gco:CharacterString>address</gco:CharacterString>
                    </keyword>
                    <keyword>
                        <gco:CharacterString>electricity</gco:CharacterString>
                    </keyword>
                    <keyword>
                        <gco:CharacterString>control area</gco:CharacterString>
                    </keyword>
                    <keyword>
                        <gco:CharacterString>balancing authority</gco:CharacterString>
                    </keyword>
                    <keyword>
                        <gco:CharacterString>transmission</gco:CharacterString>
                    </keyword>
                    <keyword>
                        <gco:CharacterString>energy infrastructure</gco:CharacterString>
                    </keyword>
                    <keyword>
                        <gco:CharacterString>megawatts</gco:CharacterString>
                    </keyword>
                    <keyword>
                        <gco:CharacterString>megawatt hours</gco:CharacterString>
                    </keyword>
                    <keyword>
                        <gco:CharacterString>peak demand</gco:CharacterString>
                    </keyword>
                    <keyword>
                        <gco:CharacterString>capacity</gco:CharacterString>
                    </keyword>
                </MD_Keywords>
            </descriptiveKeywords>
            <descriptiveKeywords>
                <MD_Keywords>
                    <keyword>
                        <gco:CharacterString>homeland security</gco:CharacterString>
                    </keyword>
                    <keyword>
                        <gco:CharacterString>homeland defense</gco:CharacterString>
                    </keyword>
                    <keyword>
                        <gco:CharacterString>emergency response</gco:CharacterString>
                    </keyword>
                    <keyword>
                        <gco:CharacterString>name</gco:CharacterString>
                    </keyword>
                    <keyword>
                        <gco:CharacterString>address</gco:CharacterString>
                    </keyword>
                    <keyword>
                        <gco:CharacterString>electricity</gco:CharacterString>
                    </keyword>
                    <keyword>
                        <gco:CharacterString>control area</gco:CharacterString>
                    </keyword>
                    <keyword>
                        <gco:CharacterString>balancing authority</gco:CharacterString>
                    </keyword>
                    <keyword>
                        <gco:CharacterString>transmission</gco:CharacterString>
                    </keyword>
                    <keyword>
                        <gco:CharacterString>energy infrastructure</gco:CharacterString>
                    </keyword>
                    <keyword>
                        <gco:CharacterString>megawatts</gco:CharacterString>
                    </keyword>
                    <keyword>
                        <gco:CharacterString>megawatt hours</gco:CharacterString>
                    </keyword>
                    <keyword>
                        <gco:CharacterString>peak demand</gco:CharacterString>
                    </keyword>
                    <keyword>
                        <gco:CharacterString>capacity</gco:CharacterString>
                    </keyword>
                </MD_Keywords>
            </descriptiveKeywords>
            <descriptiveKeywords>
                <MD_Keywords>
                    <keyword>
                        <gco:CharacterString>homeland security</gco:CharacterString>
                    </keyword>
                    <keyword>
                        <gco:CharacterString>homeland defense</gco:CharacterString>
                    </keyword>
                    <keyword>
                        <gco:CharacterString>emergency response</gco:CharacterString>
                    </keyword>
                    <keyword>
                        <gco:CharacterString>name</gco:CharacterString>
                    </keyword>
                    <keyword>
                        <gco:CharacterString>address</gco:CharacterString>
                    </keyword>
                    <keyword>
                        <gco:CharacterString>electricity</gco:CharacterString>
                    </keyword>
                    <keyword>
                        <gco:CharacterString>control area</gco:CharacterString>
                    </keyword>
                    <keyword>
                        <gco:CharacterString>balancing authority</gco:CharacterString>
                    </keyword>
                    <keyword>
                        <gco:CharacterString>transmission</gco:CharacterString>
                    </keyword>
                    <keyword>
                        <gco:CharacterString>energy infrastructure</gco:CharacterString>
                    </keyword>
                    <keyword>
                        <gco:CharacterString>megawatts</gco:CharacterString>
                    </keyword>
                    <keyword>
                        <gco:CharacterString>megawatt hours</gco:CharacterString>
                    </keyword>
                    <keyword>
                        <gco:CharacterString>peak demand</gco:CharacterString>
                    </keyword>
                    <keyword>
                        <gco:CharacterString>capacity</gco:CharacterString>
                    </keyword>
                </MD_Keywords>
            </descriptiveKeywords>
            <descriptiveKeywords>
                <MD_Keywords>
                    <keyword>
                        <gco:CharacterString>homeland security</gco:CharacterString>
                    </keyword>
                    <keyword>
                        <gco:CharacterString>homeland defense</gco:CharacterString>
                    </keyword>
                    <keyword>
                        <gco:CharacterString>emergency response</gco:CharacterString>
                    </keyword>
                    <keyword>
                        <gco:CharacterString>name</gco:CharacterString>
                    </keyword>
                    <keyword>
                        <gco:CharacterString>address</gco:CharacterString>
                    </keyword>
                    <keyword>
                        <gco:CharacterString>electricity</gco:CharacterString>
                    </keyword>
                    <keyword>
                        <gco:CharacterString>control area</gco:CharacterString>
                    </keyword>
                    <keyword>
                        <gco:CharacterString>balancing authority</gco:CharacterString>
                    </keyword>
                    <keyword>
                        <gco:CharacterString>transmission</gco:CharacterString>
                    </keyword>
                    <keyword>
                        <gco:CharacterString>energy infrastructure</gco:CharacterString>
                    </keyword>
                    <keyword>
                        <gco:CharacterString>megawatts</gco:CharacterString>
                    </keyword>
                    <keyword>
                        <gco:CharacterString>megawatt hours</gco:CharacterString>
                    </keyword>
                    <keyword>
                        <gco:CharacterString>peak demand</gco:CharacterString>
                    </keyword>
                    <keyword>
                        <gco:CharacterString>capacity</gco:CharacterString>
                    </keyword>
                </MD_Keywords>
            </descriptiveKeywords>
            <descriptiveKeywords>
                <MD_Keywords>
                    <keyword>
                        <gco:CharacterString>homeland security</gco:CharacterString>
                    </keyword>
                    <keyword>
                        <gco:CharacterString>homeland defense</gco:CharacterString>
                    </keyword>
                    <keyword>
                        <gco:CharacterString>emergency response</gco:CharacterString>
                    </keyword>
                    <keyword>
                        <gco:CharacterString>name</gco:CharacterString>
                    </keyword>
                    <keyword>
                        <gco:CharacterString>address</gco:CharacterString>
                    </keyword>
                    <keyword>
                        <gco:CharacterString>electricity</gco:CharacterString>
                    </keyword>
                    <keyword>
                        <gco:CharacterString>control area</gco:CharacterString>
                    </keyword>
                    <keyword>
                        <gco:CharacterString>balancing authority</gco:CharacterString>
                    </keyword>
                    <keyword>
                        <gco:CharacterString>transmission</gco:CharacterString>
                    </keyword>
                    <keyword>
                        <gco:CharacterString>energy infrastructure</gco:CharacterString>
                    </keyword>
                    <keyword>
                        <gco:CharacterString>megawatts</gco:CharacterString>
                    </keyword>
                    <keyword>
                        <gco:CharacterString>megawatt hours</gco:CharacterString>
                    </keyword>
                    <keyword>
                        <gco:CharacterString>peak demand</gco:CharacterString>
                    </keyword>
                    <keyword>
                        <gco:CharacterString>capacity</gco:CharacterString>
                    </keyword>
                </MD_Keywords>
            </descriptiveKeywords>
            <resourceConstraints>
                <MD_Constraints>
                    <useLimitation>
                        <gco:CharacterString>None (Public Use). Users are advised to read the data set's metadata thoroughly to understand appropriate use and data limitations.</gco:CharacterString>
                    </useLimitation>
                </MD_Constraints>
            </resourceConstraints>
            <spatialRepresentationType>
                <MD_SpatialRepresentationTypeCode codeList="http://www.isotc211.org/2005/resources/Codelist/gmxCodelists.xml#MD_SpatialRepresentationTypeCode" codeListValue="vector" codeSpace="ISOTC211/19115">vector</MD_SpatialRepresentationTypeCode>
            </spatialRepresentationType>
            <language>
                <LanguageCode codeList="http://www.loc.gov/standards/iso639-2/php/code_list.php" codeListValue="eng" codeSpace="ISO639-2">eng</LanguageCode>
            </language>
            <characterSet>
                <MD_CharacterSetCode codeList="http://www.isotc211.org/2005/resources/Codelist/gmxCodelists.xml#MD_CharacterSetCode" codeListValue="utf8" codeSpace="ISOTC211/19115">utf8</MD_CharacterSetCode>
            </characterSet>
            <environmentDescription>
                <gco:CharacterString>Version 6.2 (Build 9200) ; Esri ArcGIS 10.7.1.11595</gco:CharacterString>
            </environmentDescription>
            <extent>
                <EX_Extent>
                    <geographicElement>
                        <EX_GeographicBoundingBox>
                            <extentTypeCode>
                                <gco:Boolean>true</gco:Boolean>
                            </extentTypeCode>
                            <westBoundLongitude>
                                <gco:Decimal>-158.2809</gco:Decimal>
                            </westBoundLongitude>
                            <eastBoundLongitude>
                                <gco:Decimal>-66.95013</gco:Decimal>
                            </eastBoundLongitude>
                            <southBoundLatitude>
                                <gco:Decimal>21.25475</gco:Decimal>
                            </southBoundLatitude>
                            <northBoundLatitude>
                                <gco:Decimal>61.48406</gco:Decimal>
                            </northBoundLatitude>
                        </EX_GeographicBoundingBox>
                    </geographicElement>
                </EX_Extent>
            </extent>
        </MD_DataIdentification>
    </identificationInfo>
    <distributionInfo>
        <MD_Distribution>
            <distributionFormat>
                <MD_Format>
                    <name>
                        <gco:CharacterString>File Geodatabase Feature Class</gco:CharacterString>
                    </name>
                    <version gco:nilReason="missing"/>
                </MD_Format>
            </distributionFormat>
        </MD_Distribution>
    </distributionInfo>
</MD_Metadata>
