bus_10001,bus_10022,bus_10025,bus_10033,bus_10035,bus_10093,bus_10228,bus_10525,bus_10558,bus_10570,bus_10600,bus_10677,bus_10750,bus_11016,bus_13000,bus_13366,bus_13420,bus_13446,bus_13504,bus_20000,bus_20007,bus_20026,bus_20136,bus_21121,bus_21647,bus_23017,bus_23054,bus_23060,bus_23263,bus_23377,bus_25160,bus_25289,bus_25375,bus_25403,bus_25439,bus_25598,bus_25618,bus_25675,bus_25714,bus_25830,bus_26100,bus_26133,bus_28078,bus_28099,bus_28122,bus_28365,bus_28549,bus_28667,bus_30001,bus_30144,bus_30146,bus_30205,bus_30207,bus_30220,bus_30221,bus_30374,bus_40001,bus_40003,bus_40004,bus_40006,bus_40007,bus_40008,bus_40050,bus_40160,bus_40162,bus_40279,bus_40281,bus_40367,bus_40369,bus_40595,bus_40602,bus_40691,bus_40787,bus_40844,bus_40961,bus_40994,bus_50000,bus_50007,bus_50024,bus_50196,bus_50316,bus_53000,bus_53002,bus_53012,bus_60000,bus_60003,bus_60194,bus_60577,bus_70000,bus_70016,bus_70063,bus_70155,bus_74001,bus_74053,bus_74104,bus_74132,bus_74235,bus_77001,bus_77173,bus_80007
0.0,0.0,0.0,160.6539,0.0,2301.4368999999997,1161.8822000000002,0.0,0.0,7.2414,0.0,174.3328,2988.5475,7058.885700000001,81.9614,412.82089999999994,0.0,2165.7204,6272.0802,0.0,62.457300000000004,782.775,2742.3820000000005,0.0,0.0,0.0,412.1996,1736.8767999999998,0.0,0.0,0.0,21.0957,0.0,0.0,0.0,0.0,0.0,0.0,0.0,0.0,0.0,0.0,0.0,0.0,0.0,0.0,0.0,0.0,75.0923,0.0,0.0,0.0,0.0,1433.3898,0.0,0.0,0.0,0.0,0.0,110.1588,0.0,214.8015,0.0,0.0,0.0,0.0,0.0,10.5746,0.0,0.0,0.0,0.0,1016.4945,0.0,0.0,0.0,0.0,50.5971,0.0,235.13729999999995,138.94920000000002,0.0,0.0,0.0,27.2935,244.0078,29.938100000000002,0.0,152.8961,0.0,139.5174,0.0,187.85269999999997,90.35740000000001,92.905,201.9648,1574.0614999999998,278.2466999999999,0.0,17.6657
0.0,0.0,0.0,160.6539,0.0,2338.5137,1179.3392000000001,0.0,0.0,7.9466,0.0,186.4582,3004.5732,7048.366,84.7786,442.918,0.0,2267.1639999999998,6450.417599999999,0.0,61.4299,789.1059,2693.170899999999,0.0,0.0,0.0,387.42330000000004,1731.5483000000002,0.0,0.0,0.0,20.3832,0.0,0.0,0.0,0.0,0.0,0.0,0.0,0.0,0.0,0.0,0.0,0.0,0.0,0.0,0.0,0.0,76.3711,0.0,0.0,0.0,0.0,1437.4933999999998,0.0,0.0,0.0,0.0,0.0,110.1588,0.0,214.8015,0.0,0.0,0.0,0.0,0.0,10.4935,0.0,0.0,0.0,0.0,1017.4860000000001,0.0,0.0,0.0,0.0,50.28,0.0,236.29250000000005,138.8779,0.0,0.0,0.0,27.353499999999997,249.14339999999999,30.2223,0.0,134.8572,0.0,140.0082,0.0,193.181,88.9379,92.8587,202.51940000000002,1569.3498,277.0962,0.0,17.8697
0.0,0.0,0.0,160.6068,0.0,2281.8557000000005,1188.7832,0.0,0.0,7.2593,0.0,177.803,2982.2088999999996,7034.8957,72.3383,436.10679999999996,0.0,2267.4403,6422.1948999999995,0.0,57.745400000000004,803.6057,2698.3676000000005,0.0,0.0,0.0,385.81590000000006,1733.2269000000003,0.0,0.0,0.0,19.7857,0.0,0.0,0.0,0.0,0.0,0.0,0.0,0.0,0.0,0.0,0.0,0.0,0.0,0.0,0.0,0.0,78.937,0.0,0.0,0.0,0.0,1442.4014000000002,0.0,0.0,0.0,0.0,0.0,110.1588,0.0,214.8015,0.0,0.0,0.0,0.0,0.0,10.4355,0.0,0.0,0.0,0.0,1016.9463,0.0,0.0,0.0,0.0,49.0583,0.0,235.50419999999997,140.1517,0.0,0.0,0.0,27.4102,246.22979999999998,30.2582,0.0,146.601,0.0,142.2497,0.0,193.88269999999997,86.7485,91.67859999999999,202.50310000000002,1555.8334,275.09220000000005,0.0,18.0851
0.0,0.0,0.0,160.6539,0.0,2343.4574999999995,1164.9467,0.0,0.0,7.7487,0.0,181.312,2945.2254,6993.4976,90.2954,429.9815,0.0,2261.6149,6356.565500000001,0.0,66.0192,794.1384,2645.0204,0.0,0.0,0.0,384.92060000000004,1738.5661,0.0,0.0,0.0,19.6924,0.0,0.0,0.0,0.0,0.0,0.0,0.0,0.0,0.0,0.0,0.0,0.0,0.0,0.0,0.0,0.0,73.616,0.0,0.0,0.0,0.0,1448.0673,0.0,0.0,0.0,0.0,0.0,109.7357,0.0,214.8015,0.0,0.0,0.0,0.0,0.0,10.4065,0.0,0.0,0.0,0.0,1014.8918,0.0,0.0,0.0,0.0,50.9074,0.0,238.83669999999995,139.0126,0.0,0.0,0.0,28.096999999999998,241.885,30.252999999999997,0.0,153.17159999999998,0.0,141.11759999999998,0.0,194.62759999999997,84.6047,93.218,198.0948,1547.7014,269.7669,0.0,18.3086
0.0,0.0,0.0,159.8911,0.0,2342.9182,1162.6322,0.0,0.0,9.7179,0.0,197.6002,2944.6511,6962.5243,78.00309999999999,419.0198,0.0,2341.1621,6479.1197,0.0,57.8425,781.6401000000001,2516.7304,0.0,0.0,0.0,368.35720000000003,1707.5084,0.0,0.0,0.0,19.4917,0.0,0.0,0.0,0.0,0.0,0.0,0.0,0.0,0.0,0.0,0.0,0.0,0.0,0.0,0.0,0.0,70.9554,0.0,0.0,0.0,0.0,1454.4147,0.0,0.0,0.0,0.0,0.0,108.9404,0.0,214.8015,0.0,0.0,0.0,0.0,0.0,10.4114,0.0,0.0,0.0,0.0,1011.4309,0.0,0.0,0.0,0.0,57.693999999999996,0.0,246.2572,137.3767,0.0,0.0,0.0,28.4874,236.25969999999998,30.2012,0.0,154.50639999999999,0.0,140.6823,0.0,193.0465,84.33250000000001,99.86370000000001,195.9094,1592.3371,262.3668,0.0,18.537
0.0,0.0,0.0,143.69899999999998,0.0,2248.7654000000007,1138.6513999999997,0.0,0.0,8.3363,0.0,194.59470000000002,2946.0852,6947.5635999999995,68.1579,390.6130999999999,0.0,2376.6109,6509.7055,0.0,52.9752,773.9039,2498.4673000000003,0.0,0.0,0.0,368.1178,1694.7021000000002,0.0,0.0,0.0,19.3868,0.0,0.0,0.0,0.0,0.0,0.0,0.0,0.0,0.0,0.0,0.0,0.0,0.0,0.0,0.0,0.0,69.6252,0.0,0.0,0.0,0.0,1461.3371,0.0,0.0,0.0,0.0,0.0,108.6468,0.0,214.8015,0.0,0.0,0.0,0.0,0.0,10.4535,0.0,0.0,0.0,0.0,1006.7586,0.0,0.0,0.0,0.0,57.6726,0.0,246.26819999999998,137.3624,0.0,0.0,0.0,28.5289,235.83769999999998,30.106600000000004,0.0,151.4634,0.0,141.07850000000002,0.0,202.2605,82.9156,100.71050000000001,199.0744,1551.2266,262.4709,0.0,18.7679
0.0,0.0,0.0,139.5534,0.0,2123.4320000000002,1106.2645,0.0,0.0,8.5496,0.0,179.23210000000003,2867.9487,6919.4181,63.51859999999999,382.2244,0.0,2379.4054,6422.0118999999995,0.0,50.519099999999995,774.2438999999998,2561.850399999999,0.0,0.0,0.0,371.1056,1672.1745,0.0,0.0,0.0,19.4921,0.0,0.0,0.0,0.0,0.0,0.0,0.0,0.0,0.0,0.0,0.0,0.0,0.0,0.0,0.0,0.0,68.96000000000001,0.0,0.0,0.0,0.0,1468.7009,0.0,0.0,0.0,0.0,0.0,108.5829,0.0,214.8015,0.0,0.0,0.0,0.0,0.0,10.5343,0.0,0.0,0.0,0.0,1001.1445,0.0,0.0,0.0,0.0,56.96,0.0,246.79309999999998,137.405,0.0,0.0,0.0,28.3783,235.4498,30.017599999999998,0.0,138.4189,0.0,143.6464,0.0,207.1503,83.1953,100.5033,190.65380000000002,1523.609,261.7586,0.0,18.9997
0.0,0.0,0.0,135.6767,0.0,2138.5796,1093.0908,0.0,0.0,8.4901,0.0,175.94770000000003,2838.585,6880.1193,60.735699999999994,385.5333999999999,0.0,2354.6679,6312.2597000000005,0.0,49.7331,790.5689000000002,2650.9446000000003,0.0,0.0,0.0,388.8489,1637.1240000000003,0.0,0.0,0.0,19.744,0.0,0.0,0.0,0.0,0.0,0.0,0.0,0.0,0.0,0.0,0.0,0.0,0.0,0.0,0.0,0.0,68.5814,0.0,0.0,0.0,0.0,1476.3490000000002,0.0,0.0,0.0,0.0,0.0,108.4679,0.0,214.8015,0.0,0.0,0.0,0.0,0.0,10.6536,0.0,0.0,0.0,0.0,994.9177,0.0,0.0,0.0,0.0,56.4203,0.0,245.86949999999996,137.8535,0.0,0.0,0.0,27.8217,236.64389999999997,30.175,0.0,145.43380000000002,0.0,142.3957,0.0,209.3862,83.7654,100.0909,186.6594,1518.1045999999997,274.32570000000004,0.0,19.2312
0.0,0.0,0.0,137.4857,0.0,2195.1148000000003,1089.685,0.0,0.0,8.7194,0.0,179.5765,2839.9035,6686.93,88.0532,439.8934999999999,0.0,2393.3445,6353.300000000001,0.0,63.2746,803.6576,2779.7934000000005,0.0,0.0,0.0,402.3012,1671.9675000000002,0.0,0.0,0.0,20.5724,0.0,0.0,0.0,0.0,0.0,0.0,0.0,0.0,0.0,0.0,0.0,0.0,0.0,0.0,0.0,0.0,68.2457,0.0,0.0,0.0,0.0,1484.106,0.0,0.0,0.0,0.0,0.0,108.3837,0.0,213.1373,0.0,0.0,0.0,0.0,0.0,10.8091,0.0,0.0,0.0,0.0,988.4472,0.0,0.0,0.0,0.0,56.4571,0.0,244.4306,139.7074,0.0,0.0,0.0,28.1796,237.6418,29.967000000000002,0.0,149.4528,0.0,142.0222,0.0,211.5166,83.54820000000001,100.2308,187.5892,1516.5845,261.5797,0.0,19.4616
0.0,0.0,0.0,144.6296,0.0,2269.9876,1094.0599,0.0,0.0,9.7677,0.0,195.29720000000003,2898.3097000000002,6685.2006,89.1105,468.0732999999999,0.0,2545.487,6503.0096,0.0,65.16669999999999,819.2236999999999,2938.5002000000004,0.0,0.0,0.0,429.8232,1797.9231,0.0,0.0,0.0,22.7566,0.0,0.0,0.0,0.0,0.0,0.0,0.0,0.0,0.0,0.0,0.0,0.0,0.0,0.0,0.0,0.0,67.9774,0.0,0.0,0.0,0.0,1491.7844,0.0,0.0,0.0,0.0,0.0,108.31739999999999,0.0,214.8015,0.0,0.0,0.0,0.0,0.0,10.9986,0.0,0.0,0.0,0.0,982.1209,0.0,0.0,0.0,0.0,58.8441,0.0,247.5622,140.4006,0.0,0.0,0.0,28.3481,238.49540000000002,29.874499999999998,0.0,151.2073,0.0,143.3096,0.0,207.1548,85.699,102.20179999999999,205.1164,1543.3462,258.9087,0.0,19.6904
0.0,0.0,0.0,140.7238,0.0,2319.1763,1072.6996,0.0,0.0,10.033,0.0,197.2962,2987.9719,6997.290000000001,83.05199999999999,463.6141,0.0,2590.244,6858.3068,0.0,61.1115,820.5576000000001,2893.6559,0.0,0.0,0.0,436.28290000000004,1779.1782000000005,0.0,0.0,0.0,26.4,0.0,0.0,0.0,0.0,0.0,0.0,0.0,0.0,0.0,0.0,0.0,0.0,0.0,0.0,0.0,0.0,67.7736,0.0,0.0,0.0,0.0,1499.192,0.0,0.0,0.0,0.0,0.0,108.2584,0.0,214.8015,0.0,0.0,0.0,0.0,0.0,11.2136,0.0,0.0,0.0,0.0,976.3222,0.0,0.0,0.0,0.0,60.2,0.0,250.7169,139.4019,0.0,0.0,0.0,28.5434,239.4716,29.876900000000003,0.0,150.5605,0.0,147.32070000000002,0.0,218.2219,93.1599,102.81020000000001,208.16989999999998,1595.2142999999999,267.20869999999996,0.0,19.9173
0.0,0.0,0.0,138.8194,0.0,2290.2211999999995,1055.249,0.0,0.0,10.1255,0.0,193.6028,3021.6254,7040.845300000001,88.7543,484.77270000000004,0.0,2625.1653,6892.570900000001,0.0,62.697500000000005,818.9217,3073.1771,0.0,0.0,0.0,435.1778,1859.4831,0.0,0.0,0.0,25.8414,0.0,0.0,0.0,0.0,0.0,0.0,0.0,0.0,0.0,0.0,0.0,0.0,0.0,0.0,0.0,0.0,66.5947,0.0,0.0,0.0,0.0,1506.1388,0.0,0.0,0.0,0.0,0.0,108.1806,0.0,209.1948,0.0,0.0,0.0,0.0,0.0,11.4448,0.0,0.0,0.0,0.0,971.4081,0.0,0.0,0.0,0.0,62.32,0.0,259.70669999999996,139.5747,0.0,0.0,0.0,28.9283,243.4278,31.119,0.0,149.56099999999998,0.0,147.701,0.0,226.50819999999996,96.8386,103.6344,213.5814,1627.8177999999998,269.05219999999997,0.0,20.1421
0.0,0.0,0.0,142.4078,0.0,2306.2424,1053.9748000000002,0.0,0.0,10.5648,0.0,196.60660000000001,3062.7887,7062.1127,87.0252,469.5581,0.0,2640.4044,6972.582400000001,0.0,64.09570000000001,816.7448,3041.9945000000002,0.0,0.0,0.0,467.08709999999996,1852.7416000000003,0.0,0.0,0.0,26.4,0.0,0.0,0.0,0.0,0.0,0.0,0.0,0.0,0.0,0.0,0.0,0.0,0.0,0.0,0.0,0.0,63.5064,0.0,0.0,0.0,0.0,1512.445,0.0,0.0,0.0,0.0,0.0,108.1733,0.0,204.6216,0.0,0.0,0.0,0.0,0.0,11.6826,0.0,0.0,0.0,0.0,967.6878,0.0,0.0,0.0,0.0,61.3649,0.0,257.71619999999996,140.2106,0.0,0.0,0.0,29.3955,252.0411,32.2359,0.0,152.136,0.0,149.2131,0.0,230.6835,100.6261,103.8191,210.0411,1637.1464999999998,286.86159999999995,0.0,20.3641
0.0,0.0,0.0,158.9791,0.0,2460.107,1097.4324999999997,0.0,0.0,11.8456,0.0,197.7961,3177.3206,7157.0495,90.6532,489.35290000000003,0.0,2721.7153999999996,7278.7438,0.0,67.484,826.1492,3140.852300000001,0.0,0.0,0.0,436.0584,1865.1133999999997,0.0,0.0,0.0,26.4,0.0,0.0,0.0,0.0,0.0,0.0,0.0,0.0,0.0,0.0,0.0,0.0,0.0,0.0,0.0,0.0,68.2014,0.0,0.0,0.0,0.0,1517.9481,0.0,0.0,0.0,0.0,0.0,108.17229999999999,0.0,202.3103,0.0,0.0,0.0,0.0,0.0,11.931,0.0,0.0,0.0,0.0,965.4045,0.0,0.0,0.0,0.0,65.7875,0.0,264.0187,140.9474,0.0,0.0,0.0,29.945700000000002,255.1172,32.4773,0.0,159.5591,0.0,152.175,0.0,236.17280000000005,106.1735,105.4186,219.7126,1698.3273,277.90770000000003,0.0,20.5824
0.0,0.0,0.0,162.0,0.0,2478.7147999999997,1112.2907,0.0,0.0,11.5824,0.0,197.7961,3349.97,7309.5589,87.31219999999999,478.9605000000001,0.0,2765.3541,7518.4172,0.0,62.910399999999996,829.0303,3170.6175,0.0,0.0,0.0,417.5467,1873.9775000000002,0.0,0.0,0.0,26.4,0.0,0.0,0.0,0.0,0.0,0.0,0.0,0.0,0.0,0.0,0.0,0.0,0.0,0.0,0.0,0.0,68.19669999999999,0.0,0.0,0.0,0.0,1522.509,0.0,0.0,0.0,0.0,0.0,108.15469999999999,0.0,201.9607,0.0,0.0,0.0,0.0,0.0,12.1628,0.0,0.0,0.0,0.0,964.7208,0.0,0.0,0.0,0.0,69.46300000000001,0.0,268.0313,131.6984,0.0,0.0,0.0,30.3933,256.9676999999999,32.6574,0.0,165.4091,0.0,158.6198,0.0,241.3285,113.73240000000001,107.49680000000001,224.28230000000002,1789.7966999999999,273.6625,0.0,20.7958
0.0,0.0,0.0,152.5968,0.0,2455.3203000000003,1094.3931,0.0,0.0,11.8111,0.0,197.7961,3447.9306,7443.8258,72.307,467.7661999999999,0.0,2823.8916000000004,7589.099499999999,0.0,55.6565,816.8813999999999,3009.5662999999995,0.0,0.0,0.0,402.4742,1883.8756000000003,0.0,0.0,0.0,26.4,0.0,0.0,0.0,0.0,0.0,0.0,0.0,0.0,0.0,0.0,0.0,0.0,0.0,0.0,0.0,0.0,68.2962,0.0,0.0,0.0,0.0,1526.0181,0.0,0.0,0.0,0.0,0.0,108.0008,0.0,202.6209,0.0,0.0,0.0,0.0,0.0,12.3906,0.0,0.0,0.0,0.0,965.709,0.0,0.0,0.0,0.0,69.5198,0.0,271.01649999999995,126.57419999999999,0.0,0.0,0.0,30.514599999999998,252.06640000000002,32.8908,0.0,176.9719,0.0,159.2437,0.0,245.02710000000005,114.01610000000001,108.9491,223.7646,1844.4446,273.75350000000003,0.0,21.0022
0.0,0.0,0.0,131.7378,0.0,2337.9104999999995,1078.0667,0.0,0.0,11.8088,0.0,197.7961,3464.6977000000006,7614.245900000001,71.655,456.44540000000006,0.0,2860.2269,7642.245499999999,0.0,54.5821,827.5259,3009.1582,0.0,0.0,0.0,390.0693,1872.8783000000003,0.0,0.0,0.0,26.4,0.0,0.0,0.0,0.0,0.0,0.0,0.0,0.0,0.0,0.0,0.0,0.0,0.0,0.0,0.0,0.0,68.2955,0.0,0.0,0.0,0.0,1528.3989,0.0,0.0,0.0,0.0,0.0,107.89099999999999,0.0,214.8015,0.0,0.0,0.0,0.0,0.0,12.58,0.0,0.0,0.0,0.0,968.3463,0.0,0.0,0.0,0.0,69.5704,0.0,279.1723,125.9901,0.0,0.0,0.0,30.6225,260.4722,33.186,0.0,191.0589,0.0,165.59619999999998,0.0,246.8316,114.6243,110.91650000000001,224.7662,1887.347,291.51,0.0,21.1992
0.0,0.0,0.0,132.688,0.0,2319.7400000000002,1095.0738000000001,0.0,0.0,12.1454,0.0,197.7961,3465.6769000000004,7778.846299999999,62.3275,423.94680000000005,0.0,2873.0501,7627.527499999999,0.0,49.9553,816.5155999999998,2933.7578,0.0,0.0,0.0,386.8653,1876.5256,0.0,0.0,0.0,26.4,0.0,0.0,0.0,0.0,0.0,0.0,0.0,0.0,0.0,0.0,0.0,0.0,0.0,0.0,0.0,0.0,68.2952,0.0,0.0,0.0,0.0,1529.6107,0.0,0.0,0.0,0.0,0.0,107.869,0.0,204.0666,0.0,0.0,0.0,0.0,0.0,12.7418,0.0,0.0,0.0,0.0,972.5155,0.0,0.0,0.0,0.0,69.5704,0.0,286.6116,133.2569,0.0,0.0,0.0,30.7135,266.23960000000005,33.9101,0.0,191.4008,0.0,171.2638,0.0,248.716,114.7003,113.15299999999999,223.1586,1921.3482999999999,294.60910000000007,0.0,21.3835
0.0,0.0,0.0,135.4343,0.0,2286.8589,1106.8699,0.0,0.0,12.1454,0.0,197.7961,3465.6769000000004,7920.2582,68.3289,405.6441,0.0,2957.2243,7617.603699999999,0.0,52.5555,815.6768000000001,2883.431,0.0,0.0,0.0,393.2268,1852.6916000000003,0.0,0.0,0.0,26.4,0.0,0.0,0.0,0.0,0.0,0.0,0.0,0.0,0.0,0.0,0.0,0.0,0.0,0.0,0.0,0.0,63.982,0.0,0.0,0.0,0.0,1529.6495,0.0,0.0,0.0,0.0,0.0,107.9021,0.0,198.8944,0.0,0.0,0.0,0.0,0.0,12.8689,0.0,0.0,0.0,0.0,978.0115,0.0,0.0,0.0,0.0,69.5704,0.0,299.65599999999995,131.4918,0.0,0.0,0.0,30.7853,269.7119,34.091499999999996,0.0,191.4008,0.0,179.4623,0.0,249.55410000000003,114.7003,114.936,224.7699,1931.4533999999999,288.03,0.0,21.5516
0.0,0.0,0.0,137.8463,0.0,2281.1392000000005,1090.0371999999998,0.0,0.0,12.1454,0.0,197.7961,3465.6769000000004,8006.746800000001,73.7585,444.1896,0.0,2968.6863999999996,7610.8937,0.0,54.8968,840.7426,2829.7508,0.0,0.0,0.0,400.21819999999997,1728.9559,0.0,0.0,0.0,26.4,0.0,0.0,0.0,0.0,0.0,0.0,0.0,0.0,0.0,0.0,0.0,0.0,0.0,0.0,0.0,0.0,60.668,0.0,0.0,0.0,0.0,1528.5475999999999,0.0,0.0,0.0,0.0,0.0,108.13759999999999,0.0,199.456,0.0,0.0,0.0,0.0,0.0,12.9545,0.0,0.0,0.0,0.0,984.5526,0.0,0.0,0.0,0.0,69.5704,0.0,296.4801,134.5496,0.0,0.0,0.0,30.836,270.3414,34.8965,0.0,191.4008,0.0,179.9045,0.0,245.59610000000004,114.7003,115.0012,224.7699,1940.3247,291.8658,0.0,21.6994
0.0,0.0,0.0,139.7901,0.0,2282.7709000000004,1068.8749000000003,0.0,0.0,12.1454,0.0,197.7961,3465.6769000000004,8006.746800000001,60.2333,468.748,0.0,2967.5389,7608.730899999999,0.0,48.0236,849.7132,2767.6267000000003,0.0,0.0,0.0,395.27340000000004,1695.6226000000001,0.0,0.0,0.0,26.4,0.0,0.0,0.0,0.0,0.0,0.0,0.0,0.0,0.0,0.0,0.0,0.0,0.0,0.0,0.0,0.0,59.0109,0.0,0.0,0.0,0.0,1526.3706,0.0,0.0,0.0,0.0,0.0,108.1672,0.0,214.8015,0.0,0.0,0.0,0.0,0.0,12.9963,0.0,0.0,0.0,0.0,991.7962,0.0,0.0,0.0,0.0,69.5704,0.0,296.9842,134.21620000000001,0.0,0.0,0.0,30.8647,269.019,36.209,0.0,191.4008,0.0,181.899,0.0,241.41320000000002,114.7003,115.0012,224.7699,1947.4822,324.9769,0.0,21.8225
0.0,0.0,0.0,141.158,0.0,2301.3485,1061.3487999999998,0.0,0.0,12.1454,0.0,196.99010000000004,3465.6769000000004,8006.746800000001,70.0959,423.0499,0.0,2961.7911,7604.1394,0.0,52.1652,831.3136000000001,2696.5528000000004,0.0,0.0,0.0,396.5942,1718.3662000000004,0.0,0.0,0.0,26.4,0.0,0.0,0.0,0.0,0.0,0.0,0.0,0.0,0.0,0.0,0.0,0.0,0.0,0.0,0.0,0.0,58.1825,0.0,0.0,0.0,0.0,1523.2143,0.0,0.0,0.0,0.0,0.0,108.1627,0.0,206.9509,0.0,0.0,0.0,0.0,0.0,12.9948,0.0,0.0,0.0,0.0,999.3584,0.0,0.0,0.0,0.0,69.5704,0.0,290.7942,138.3961,0.0,0.0,0.0,30.871499999999997,270.4906000000001,37.1865,0.0,191.4008,0.0,185.1289,0.0,238.62139999999997,114.7003,115.0012,224.7699,1997.5755,324.9769,0.0,21.9165
0.0,0.0,0.0,141.8745,0.0,2283.3998000000006,1026.7201,0.0,0.0,12.1281,0.0,183.87560000000002,3465.6769000000004,7992.712500000001,68.5795,408.82309999999995,0.0,2944.0337,7599.425200000001,0.0,52.4889,825.3738,2606.4328,0.0,0.0,0.0,376.8636,1703.3947,0.0,0.0,0.0,26.4,0.0,0.0,0.0,0.0,0.0,0.0,0.0,0.0,0.0,0.0,0.0,0.0,0.0,0.0,0.0,0.0,57.7682,0.0,0.0,0.0,0.0,1519.1988999999999,0.0,0.0,0.0,0.0,0.0,108.1625,0.0,203.6714,0.0,0.0,0.0,0.0,0.0,12.9513,0.0,0.0,0.0,0.0,1006.8356,0.0,0.0,0.0,0.0,69.5704,0.0,286.09989999999993,141.7135,0.0,0.0,0.0,30.8572,272.0978,37.2248,0.0,191.4008,0.0,182.1558,0.0,238.37550000000002,114.7003,115.0012,224.7699,2026.0136,324.9769,0.0,21.9772
0.0,0.0,0.0,141.9009,0.0,2224.3399999999997,1020.6776,0.0,0.0,12.1191,0.0,177.2255,3465.6769000000004,7939.553400000001,66.47710000000001,404.4109,0.0,2908.0922,7573.9268,0.0,51.2323,829.8252,2731.4475,0.0,0.0,0.0,372.7785,1662.7755,0.0,0.0,0.0,26.4,0.0,0.0,0.0,0.0,0.0,0.0,0.0,0.0,0.0,0.0,0.0,0.0,0.0,0.0,0.0,0.0,57.561099999999996,0.0,0.0,0.0,0.0,1514.4635,0.0,0.0,0.0,0.0,0.0,108.16239999999999,0.0,204.8526,0.0,0.0,0.0,0.0,0.0,12.908,0.0,0.0,0.0,0.0,1013.8273,0.0,0.0,0.0,0.0,69.5704,0.0,284.9675,142.2747,0.0,0.0,0.0,30.8235,273.46760000000006,37.3905,0.0,191.4008,0.0,179.5666,0.0,239.5753,113.54939999999999,113.9688,224.7699,2030.7986,324.9769,0.0,22.0005
0.0,0.0,0.0,111.6349,0.0,2185.3159000000005,1004.6062999999999,0.0,0.0,11.6144,0.0,174.1694,3465.6769000000004,7959.2464,58.9645,385.13789999999995,0.0,2870.9458,7553.446,0.0,46.9995,829.7937000000001,2576.4541999999997,0.0,0.0,0.0,365.0087,1684.6571000000001,0.0,0.0,0.0,26.4,0.0,0.0,0.0,0.0,0.0,0.0,0.0,0.0,0.0,0.0,0.0,0.0,0.0,0.0,0.0,0.0,57.528999999999996,0.0,0.0,0.0,0.0,1509.1588,0.0,0.0,0.0,0.0,0.0,108.1623,0.0,214.8015,0.0,0.0,0.0,0.0,0.0,12.773,0.0,0.0,0.0,0.0,1019.9593,0.0,0.0,0.0,0.0,69.5704,0.0,284.4676,144.9128,0.0,0.0,0.0,30.7729,274.16920000000005,37.7164,0.0,191.4008,0.0,178.2685,0.0,251.2182,112.0296,113.1178,224.7699,2026.4153000000001,324.9769,0.0,21.9832
0.0,0.0,0.0,111.5658,0.0,2151.185,996.7543000000001,0.0,0.0,11.1472,0.0,168.83330000000004,3465.6769000000004,7700.8174,58.7297,375.5981,0.0,2815.6272,7524.1417,0.0,46.7399,827.9344000000001,2660.6208,0.0,0.0,0.0,361.3334,1641.8602,0.0,0.0,0.0,26.4,0.0,0.0,0.0,0.0,0.0,0.0,0.0,0.0,0.0,0.0,0.0,0.0,0.0,0.0,0.0,0.0,59.0668,0.0,0.0,0.0,0.0,1503.4407999999999,0.0,0.0,0.0,0.0,0.0,108.1557,0.0,211.1249,0.0,0.0,0.0,0.0,0.0,12.6049,0.0,0.0,0.0,0.0,1024.9047,0.0,0.0,0.0,0.0,69.5639,0.0,274.2686,146.4095,0.0,0.0,0.0,30.708199999999998,274.66440000000006,37.357699999999994,0.0,190.55620000000002,0.0,171.28310000000002,0.0,239.0573,111.1686,109.867,224.7699,1973.0209,324.9769,0.0,21.9229
0.0,0.0,0.0,111.5658,0.0,2142.3242999999998,994.398,0.0,0.0,11.149000000000001,0.0,164.34640000000002,3206.3302000000003,7488.0221,58.5838,371.04729999999995,0.0,2726.5606,7327.7935,0.0,46.565200000000004,825.2881000000001,2537.3732999999997,0.0,0.0,0.0,358.9166,1598.5937,0.0,0.0,0.0,25.3207,0.0,0.0,0.0,0.0,0.0,0.0,0.0,0.0,0.0,0.0,0.0,0.0,0.0,0.0,0.0,0.0,68.2949,0.0,0.0,0.0,0.0,1497.4634999999998,0.0,0.0,0.0,0.0,0.0,108.1559,0.0,209.3385,0.0,0.0,0.0,0.0,0.0,12.4334,0.0,0.0,0.0,0.0,1028.4023,0.0,0.0,0.0,0.0,69.5625,0.0,273.6729,145.8068,0.0,0.0,0.0,30.6327,273.7108,42.1912,0.0,188.35850000000002,0.0,167.9339,0.0,231.944,107.8102,109.33019999999999,224.7699,1921.5001,324.9769,0.0,21.818
0.0,0.0,0.0,111.5658,0.0,2066.0699,989.462,0.0,0.0,11.0554,0.0,160.3283,2990.6495,7126.5105,58.4161,385.5261000000001,0.0,2680.5719999999997,6808.8411,0.0,46.370799999999996,823.0609000000001,2694.5219,0.0,0.0,0.0,379.0235,1570.9180000000001,0.0,0.0,0.0,23.8648,0.0,0.0,0.0,0.0,0.0,0.0,0.0,0.0,0.0,0.0,0.0,0.0,0.0,0.0,0.0,0.0,62.8244,0.0,0.0,0.0,0.0,1491.3727,0.0,0.0,0.0,0.0,0.0,108.2484,0.0,210.03099999999998,0.0,0.0,0.0,0.0,0.0,12.2586,0.0,0.0,0.0,0.0,1030.2718,0.0,0.0,0.0,0.0,67.0744,0.0,270.16839999999996,145.6668,0.0,0.0,0.0,30.549999999999997,268.85620000000006,41.8959,0.0,185.6945,0.0,163.36540000000002,0.0,229.43079999999998,101.3588,107.89989999999999,224.7699,1820.5213,324.9769,0.0,21.6683
0.0,0.0,0.0,111.5658,0.0,2029.4977000000001,983.6386000000001,0.0,0.0,10.7506,0.0,156.9176,2888.3893,6862.265600000001,58.235,372.2615,0.0,2583.5575,6590.260400000001,0.0,46.216899999999995,819.8434,2601.718299999999,0.0,0.0,0.0,361.0856,1595.0568999999998,0.0,0.0,0.0,22.2652,0.0,0.0,0.0,0.0,0.0,0.0,0.0,0.0,0.0,0.0,0.0,0.0,0.0,0.0,0.0,0.0,60.0892,0.0,0.0,0.0,0.0,1485.3005,0.0,0.0,0.0,0.0,0.0,108.55879999999999,0.0,214.8015,0.0,0.0,0.0,0.0,0.0,12.0927,0.0,0.0,0.0,0.0,1030.4237,0.0,0.0,0.0,0.0,65.7768,0.0,269.3728,145.1925,0.0,0.0,0.0,30.4635,257.24240000000003,41.8423,0.0,182.7865,0.0,160.3788,0.0,239.5468,96.553,107.4945,224.73630000000003,1681.2305999999999,324.9744,0.0,19.6366
0.0,0.0,0.0,111.5658,0.0,2002.2678000000003,976.1419000000001,0.0,0.0,10.4929,0.0,153.89720000000003,2799.7452000000003,6698.8024000000005,58.0366,365.43489999999997,0.0,2528.5455,6420.347000000001,0.0,46.0222,814.6728999999999,2482.28,0.0,0.0,0.0,358.7344,1589.7558999999997,0.0,0.0,0.0,20.5488,0.0,0.0,0.0,0.0,0.0,0.0,0.0,0.0,0.0,0.0,0.0,0.0,0.0,0.0,0.0,0.0,72.0321,0.0,0.0,0.0,0.0,1479.3608,0.0,0.0,0.0,0.0,0.0,108.4531,0.0,212.1241,0.0,0.0,0.0,0.0,0.0,11.9265,0.0,0.0,0.0,0.0,1028.8641,0.0,0.0,0.0,0.0,66.1568,0.0,273.6225,144.8075,0.0,0.0,0.0,30.3766,250.68919999999997,41.55350000000001,0.0,179.8355,0.0,157.8564,0.0,237.43220000000002,92.8818,107.5159,223.5122,1644.2857999999999,324.4839,0.0,18.6671
0.0,0.0,0.0,111.5658,0.0,1980.9650000000001,967.4776,0.0,0.0,10.1405,0.0,151.20080000000002,2734.4001000000003,6625.3086,57.8359,363.5559,0.0,2515.1666,6291.3597,0.0,45.840199999999996,809.3226999999999,2539.9473000000007,0.0,0.0,0.0,372.0308,1629.6922000000002,0.0,0.0,0.0,18.7614,0.0,0.0,0.0,0.0,0.0,0.0,0.0,0.0,0.0,0.0,0.0,0.0,0.0,0.0,0.0,0.0,80.1379,0.0,0.0,0.0,0.0,1473.6461,0.0,0.0,0.0,0.0,0.0,108.3302,0.0,210.2686,0.0,0.0,0.0,0.0,0.0,11.7595,0.0,0.0,0.0,0.0,1025.6944,0.0,0.0,0.0,0.0,66.12899999999999,0.0,269.892,143.2815,0.0,0.0,0.0,30.2922,246.3281,37.4164,0.0,177.754,0.0,155.5294,0.0,239.3269,90.1256,107.83479999999999,219.83410000000003,1607.7506,313.5974,0.0,18.6992
0.0,0.0,0.0,111.5658,0.0,1968.084,966.7914000000001,0.0,0.0,10.325,0.0,148.8036,2684.3086000000003,6596.8867,57.639199999999995,375.2730000000001,0.0,2567.9235000000003,6181.868699999999,0.0,45.6823,802.9679,2534.6346999999996,0.0,0.0,0.0,367.13750000000005,1683.3267999999998,0.0,0.0,0.0,17.1556,0.0,0.0,0.0,0.0,0.0,0.0,0.0,0.0,0.0,0.0,0.0,0.0,0.0,0.0,0.0,0.0,80.08850000000001,0.0,0.0,0.0,0.0,1468.2260999999999,0.0,0.0,0.0,0.0,0.0,108.2597,0.0,214.8015,0.0,0.0,0.0,0.0,0.0,11.6206,0.0,0.0,0.0,0.0,1021.1053,0.0,0.0,0.0,0.0,66.9402,0.0,268.3289,141.2363,0.0,0.0,0.0,30.2128,244.5292,34.322100000000006,0.0,174.3426,0.0,153.37830000000002,0.0,235.8355,88.0453,107.87939999999999,216.6549,1577.0493000000001,305.4424,0.0,20.6614
0.0,0.0,0.0,111.5658,0.0,1947.3103000000003,966.0663000000001,0.0,0.0,11.4465,0.0,146.59560000000002,2637.7248999999997,6759.0514,57.4353,374.6363,0.0,2510.9138,6109.9935,0.0,45.583600000000004,795.3221,2641.2350999999994,0.0,0.0,0.0,356.2396,1719.4527999999996,0.0,0.0,0.0,15.6508,0.0,0.0,0.0,0.0,0.0,0.0,0.0,0.0,0.0,0.0,0.0,0.0,0.0,0.0,0.0,0.0,75.19810000000001,0.0,0.0,0.0,0.0,1463.1469,0.0,0.0,0.0,0.0,0.0,108.1659,0.0,207.5897,0.0,0.0,0.0,0.0,0.0,11.5065,0.0,0.0,0.0,0.0,1015.3653,0.0,0.0,0.0,0.0,65.4414,0.0,266.23670000000004,139.3367,0.0,0.0,0.0,30.1403,243.23380000000003,33.4048,0.0,170.25400000000002,0.0,151.2389,0.0,225.63339999999997,86.09100000000001,107.41699999999999,214.1909,1565.6545,301.3823,0.0,19.4572
0.0,0.0,0.0,111.5658,0.0,1946.4210000000003,967.1749000000002,0.0,0.0,11.6498,0.0,149.2831,2601.7786,6565.1044999999995,57.232,364.63730000000004,0.0,2469.8609,6039.697700000001,0.0,45.497600000000006,786.7225999999999,2558.5670999999993,0.0,0.0,0.0,379.62249999999995,1702.7861,0.0,0.0,0.0,14.4167,0.0,0.0,0.0,0.0,0.0,0.0,0.0,0.0,0.0,0.0,0.0,0.0,0.0,0.0,0.0,0.0,80.1379,0.0,0.0,0.0,0.0,1458.433,0.0,0.0,0.0,0.0,0.0,108.1655,0.0,203.252,0.0,0.0,0.0,0.0,0.0,11.4169,0.0,0.0,0.0,0.0,1008.8051,0.0,0.0,0.0,0.0,63.118,0.0,260.754,138.5779,0.0,0.0,0.0,30.075899999999997,244.9389,38.445899999999995,0.0,166.0349,0.0,149.30610000000001,0.0,220.9835,87.30669999999999,106.10490000000001,213.55259999999998,1572.3043,298.6842,0.0,18.6279
0.0,0.0,0.0,111.5658,0.0,1930.6231000000002,972.5849000000002,0.0,0.0,11.6389,0.0,144.5293,2591.1799,6466.8257,57.0513,359.99170000000004,0.0,2408.2091,5964.718199999999,0.0,45.4283,777.8332,2473.6395,0.0,0.0,0.0,367.2179,1695.3117,0.0,0.0,0.0,13.9582,0.0,0.0,0.0,0.0,0.0,0.0,0.0,0.0,0.0,0.0,0.0,0.0,0.0,0.0,0.0,0.0,75.9519,0.0,0.0,0.0,0.0,1454.0893,0.0,0.0,0.0,0.0,0.0,108.1579,0.0,201.5192,0.0,0.0,0.0,0.0,0.0,11.3523,0.0,0.0,0.0,0.0,1001.7988,0.0,0.0,0.0,0.0,61.3862,0.0,257.8039,137.8451,0.0,0.0,0.0,30.0201,258.0829,34.394,0.0,161.964,0.0,147.4246,0.0,218.87030000000001,86.732,105.1795,211.01169999999996,1531.7825,296.10130000000004,0.0,18.2019
0.0,0.0,0.0,111.5658,0.0,1928.5500000000002,982.7365,0.0,0.0,11.5547,0.0,141.7836,2557.5414,6396.206099999999,56.834700000000005,359.2532,0.0,2357.671,5858.0035,0.0,45.357,769.4861,2435.6246999999994,0.0,0.0,0.0,356.5239,1725.9708,0.0,0.0,0.0,13.9242,0.0,0.0,0.0,0.0,0.0,0.0,0.0,0.0,0.0,0.0,0.0,0.0,0.0,0.0,0.0,0.0,80.1379,0.0,0.0,0.0,0.0,1450.1048,0.0,0.0,0.0,0.0,0.0,107.9546,0.0,212.1526,0.0,0.0,0.0,0.0,0.0,11.3121,0.0,0.0,0.0,0.0,994.7419,0.0,0.0,0.0,0.0,59.2349,0.0,253.73650000000004,129.0252,0.0,0.0,0.0,29.9726,243.01670000000001,32.307700000000004,0.0,157.6858,0.0,145.1805,0.0,220.0675,84.53179999999999,104.1116,205.0061,1486.2669999999998,292.92810000000003,0.0,18.1767
0.0,0.0,0.0,111.5658,0.0,1907.599,990.1206,0.0,0.0,11.300999999999998,0.0,140.4803,2534.9195,6377.1597,56.6084,363.62750000000005,0.0,2296.8028,5778.9902999999995,0.0,45.842,760.6246,2475.7580999999996,0.0,0.0,0.0,377.37059999999997,1707.9223000000002,0.0,0.0,0.0,13.9252,0.0,0.0,0.0,0.0,0.0,0.0,0.0,0.0,0.0,0.0,0.0,0.0,0.0,0.0,0.0,0.0,80.1379,0.0,0.0,0.0,0.0,1446.4571999999998,0.0,0.0,0.0,0.0,0.0,107.6007,0.0,200.6434,0.0,0.0,0.0,0.0,0.0,11.2938,0.0,0.0,0.0,0.0,988.0286,0.0,0.0,0.0,0.0,56.5106,0.0,253.43449999999996,122.04910000000001,0.0,0.0,0.0,29.9328,234.8006,31.207099999999997,0.0,153.5103,0.0,143.20620000000002,0.0,211.37980000000002,81.65809999999999,101.51,203.4604,1467.8799000000001,289.7194,0.0,18.3281
0.0,0.0,0.0,111.5658,0.0,1912.714,996.2601000000002,0.0,0.0,10.9062,0.0,139.21429999999998,2505.8901,6497.775,56.387899999999995,357.11000000000007,0.0,2234.4089,5694.998,0.0,45.8694,752.6795000000001,2407.6497999999997,0.0,0.0,0.0,365.2988,1717.3563,0.0,0.0,0.0,13.9234,0.0,0.0,0.0,0.0,0.0,0.0,0.0,0.0,0.0,0.0,0.0,0.0,0.0,0.0,0.0,0.0,80.1379,0.0,0.0,0.0,0.0,1443.1178,0.0,0.0,0.0,0.0,0.0,107.4459,0.0,194.28,0.0,0.0,0.0,0.0,0.0,11.2932,0.0,0.0,0.0,0.0,982.0292,0.0,0.0,0.0,0.0,54.2532,0.0,246.11360000000002,117.8536,0.0,0.0,0.0,29.8993,241.93639999999996,31.389000000000003,0.0,149.5494,0.0,141.5517,0.0,203.2646,80.5399,98.4277,203.2382,1460.9945000000002,287.01189999999997,0.0,18.5312
0.0,0.0,0.0,111.5658,0.0,1900.6009000000001,1009.9068000000001,0.0,0.0,10.6278,0.0,139.06279999999998,2477.4954,6396.400799999999,58.99119999999999,363.11250000000007,0.0,2173.7034000000003,5594.943499999999,0.0,47.4697,753.3672,2448.6472999999996,0.0,0.0,0.0,373.50840000000005,1703.2674999999995,0.0,0.0,0.0,14.0509,0.0,0.0,0.0,0.0,0.0,0.0,0.0,0.0,0.0,0.0,0.0,0.0,0.0,0.0,0.0,0.0,78.87530000000001,0.0,0.0,0.0,0.0,1440.0567999999998,0.0,0.0,0.0,0.0,0.0,107.3628,0.0,193.2154,0.0,0.0,0.0,0.0,0.0,11.3053,0.0,0.0,0.0,0.0,977.0687,0.0,0.0,0.0,0.0,53.2592,0.0,240.9762,115.79039999999999,0.0,0.0,0.0,29.8704,239.34789999999995,32.502900000000004,0.0,146.641,0.0,140.2926,0.0,197.82989999999998,80.65039999999999,97.2359,206.0799,1464.8199,271.2505,0.0,18.2017
0.0,0.0,0.0,111.5658,0.0,1903.4778000000001,1030.3835000000001,0.0,0.0,10.6593,0.0,141.6132,2453.7279,6351.8850999999995,58.981100000000005,385.7016999999999,0.0,2159.0776,5545.809499999999,0.0,47.8155,753.7269000000002,2376.9957999999997,0.0,0.0,0.0,363.34939999999995,1651.6429999999996,0.0,0.0,0.0,14.0758,0.0,0.0,0.0,0.0,0.0,0.0,0.0,0.0,0.0,0.0,0.0,0.0,0.0,0.0,0.0,0.0,79.548,0.0,0.0,0.0,0.0,1437.2482,0.0,0.0,0.0,0.0,0.0,107.3267,0.0,206.8972,0.0,0.0,0.0,0.0,0.0,11.325,0.0,0.0,0.0,0.0,973.4084,0.0,0.0,0.0,0.0,56.9271,0.0,242.0102,118.0671,0.0,0.0,0.0,29.926299999999998,236.9009,31.5088,0.0,144.9502,0.0,139.3335,0.0,198.713,82.50829999999999,100.83279999999999,205.3767,1475.9038,263.015,0.0,17.9
0.0,0.0,0.0,111.5658,0.0,1865.1581000000006,1037.8661000000002,0.0,0.0,9.6092,0.0,137.5533,2454.1955,6328.1458999999995,55.7244,377.2448,0.0,2127.3473,5483.0671,0.0,45.569,739.2677,2347.68,0.0,0.0,0.0,358.9374,1621.4391,0.0,0.0,0.0,14.0677,0.0,0.0,0.0,0.0,0.0,0.0,0.0,0.0,0.0,0.0,0.0,0.0,0.0,0.0,0.0,0.0,79.7564,0.0,0.0,0.0,0.0,1434.6743000000001,0.0,0.0,0.0,0.0,0.0,106.84530000000001,0.0,196.5538,0.0,0.0,0.0,0.0,0.0,11.3461,0.0,0.0,0.0,0.0,971.2310000000001,0.0,0.0,0.0,0.0,56.0553,0.0,243.69370000000004,137.5459,0.0,0.0,0.0,29.1387,240.2491,30.6206,0.0,141.7387,0.0,139.3017,0.0,190.55759999999998,82.39150000000001,100.229,203.51879999999997,1470.0254,258.7914,0.0,17.6324
0.0,0.0,0.0,111.5658,0.0,1859.7270999999998,1058.1110999999999,0.0,0.0,8.8964,0.0,136.3132,2464.6090999999997,6331.429899999999,57.601600000000005,356.5483,0.0,2048.0688999999998,5392.9133999999995,0.0,46.686800000000005,729.8706000000001,2297.570999999999,0.0,0.0,0.0,353.6638,1587.1156000000003,0.0,0.0,0.0,14.0601,0.0,0.0,0.0,0.0,0.0,0.0,0.0,0.0,0.0,0.0,0.0,0.0,0.0,0.0,0.0,0.0,79.4804,0.0,0.0,0.0,0.0,1432.3294,0.0,0.0,0.0,0.0,0.0,107.1585,0.0,190.9371,0.0,0.0,0.0,0.0,0.0,11.3626,0.0,0.0,0.0,0.0,970.6306,0.0,0.0,0.0,0.0,53.6529,0.0,237.02039999999997,125.5789,0.0,0.0,0.0,28.61,236.39700000000002,29.8427,0.0,139.45069999999998,0.0,138.6121,0.0,192.73350000000002,81.3066,97.2641,206.8313,1472.8301999999999,257.2782,0.0,17.6049
0.0,0.0,0.0,111.5658,0.0,1948.2966000000001,1118.6629999999998,0.0,0.0,10.3441,0.0,161.91079999999997,2530.8642,6573.9511,72.1465,358.18469999999996,0.0,2022.541,5423.035899999999,0.0,56.4671,726.0249000000001,2283.0119000000004,0.0,0.0,0.0,348.8524,1569.6679000000001,0.0,0.0,0.0,14.1229,0.0,0.0,0.0,0.0,0.0,0.0,0.0,0.0,0.0,0.0,0.0,0.0,0.0,0.0,0.0,0.0,79.154,0.0,0.0,0.0,0.0,1430.2224,0.0,0.0,0.0,0.0,0.0,107.0916,0.0,190.0573,0.0,0.0,0.0,0.0,0.0,11.37,0.0,0.0,0.0,0.0,971.6075,0.0,0.0,0.0,0.0,50.0271,0.0,231.419,119.5955,0.0,0.0,0.0,28.139000000000003,232.65470000000002,29.5482,0.0,137.5084,0.0,137.97,0.0,191.8409,83.9172,92.80199999999999,207.73809999999997,1519.4196000000002,258.7611,0.0,17.6049
0.0,0.0,0.0,111.5658,0.0,1922.4857000000004,1129.6752,0.0,0.0,10.6728,0.0,180.27100000000002,2623.7971,6563.332399999999,56.9804,352.2363,0.0,2008.8436,5589.6892,0.0,46.856899999999996,724.8396,2407.7571000000003,0.0,0.0,0.0,357.52819999999997,1592.0425,0.0,0.0,0.0,14.2326,0.0,0.0,0.0,0.0,0.0,0.0,0.0,0.0,0.0,0.0,0.0,0.0,0.0,0.0,0.0,0.0,73.3155,0.0,0.0,0.0,0.0,1428.378,0.0,0.0,0.0,0.0,0.0,104.7333,0.0,191.6064,0.0,0.0,0.0,0.0,0.0,11.3619,0.0,0.0,0.0,0.0,974.0688,0.0,0.0,0.0,0.0,49.5667,0.0,228.79269999999997,116.6037,0.0,0.0,0.0,27.764799999999997,237.2558,29.492500000000003,0.0,136.4376,0.0,137.4699,0.0,189.3123,90.9463,91.714,208.1044,1573.7084,283.0089,0.0,17.6049
0.0,0.0,0.0,111.5658,0.0,1890.1854,1121.5897000000002,0.0,0.0,8.4334,0.0,144.41279999999998,2664.8664,6559.5107,55.4486,352.5,0.0,2012.2656,5594.1714,0.0,45.149,724.7374000000001,2440.1180999999997,0.0,0.0,0.0,341.73890000000006,1563.3983,0.0,0.0,0.0,14.2267,0.0,0.0,0.0,0.0,0.0,0.0,0.0,0.0,0.0,0.0,0.0,0.0,0.0,0.0,0.0,0.0,65.2767,0.0,0.0,0.0,0.0,1426.8368,0.0,0.0,0.0,0.0,0.0,103.1978,0.0,199.6915,0.0,0.0,0.0,0.0,0.0,11.3361,0.0,0.0,0.0,0.0,977.8342,0.0,0.0,0.0,0.0,49.0025,0.0,226.70720000000003,115.13829999999999,0.0,0.0,0.0,26.9248,233.5431,29.434,0.0,134.8532,0.0,137.2081,0.0,173.60000000000002,89.4244,90.67869999999999,205.97870000000003,1527.6452000000002,268.25039999999996,0.0,17.6049
0.0,0.0,0.0,111.5658,0.0,1912.8913000000002,1132.333,0.0,0.0,8.1144,0.0,139.6169,2687.9230000000002,6530.201,68.3555,378.4701,0.0,2045.2098,5640.110599999999,0.0,52.8187,744.5279,2471.4896999999996,0.0,0.0,0.0,359.98580000000004,1535.3947000000003,0.0,0.0,0.0,14.2473,0.0,0.0,0.0,0.0,0.0,0.0,0.0,0.0,0.0,0.0,0.0,0.0,0.0,0.0,0.0,0.0,61.098,0.0,0.0,0.0,0.0,1425.6541,0.0,0.0,0.0,0.0,0.0,102.7068,0.0,193.7704,0.0,0.0,0.0,0.0,0.0,11.2913,0.0,0.0,0.0,0.0,982.6473,0.0,0.0,0.0,0.0,48.0216,0.0,228.82119999999998,114.4101,0.0,0.0,0.0,26.4803,231.0778,29.3466,0.0,133.8962,0.0,138.22570000000002,0.0,178.7314,83.3363,89.46029999999999,208.82649999999998,1523.6435,260.57519999999994,0.0,17.6049
0.0,0.0,0.0,114.2814,0.0,1995.0476000000003,1158.4751,0.0,0.0,9.0896,0.0,173.3757,2623.8203000000003,6511.6924,76.4031,420.38270000000006,0.0,2042.763,5718.125599999999,0.0,58.6109,771.5411999999999,2492.3317,0.0,0.0,0.0,365.69579999999996,1527.2714999999998,0.0,0.0,0.0,14.3441,0.0,0.0,0.0,0.0,0.0,0.0,0.0,0.0,0.0,0.0,0.0,0.0,0.0,0.0,0.0,0.0,59.042899999999996,0.0,0.0,0.0,0.0,1424.8968,0.0,0.0,0.0,0.0,0.0,102.7703,0.0,190.0116,0.0,0.0,0.0,0.0,0.0,11.227,0.0,0.0,0.0,0.0,988.1907,0.0,0.0,0.0,0.0,48.3457,0.0,224.6342,114.03410000000001,0.0,0.0,0.0,26.2314,229.23349999999996,29.295799999999996,0.0,133.1634,0.0,137.2044,0.0,181.5604,83.00580000000001,89.45410000000001,206.602,1533.6029,252.18030000000002,0.0,17.6049
0.0,0.0,0.0,111.5658,0.0,1952.9781000000003,1130.2099,0.0,0.0,7.882000000000001,0.0,152.7987,2564.6691,6472.783100000001,60.665,415.2701,0.0,2035.9969999999998,5657.1585,0.0,47.8542,756.1739000000001,2364.9713000000006,0.0,0.0,0.0,340.4456,1487.5166999999997,0.0,0.0,0.0,14.1019,0.0,0.0,0.0,0.0,0.0,0.0,0.0,0.0,0.0,0.0,0.0,0.0,0.0,0.0,0.0,0.0,58.532399999999996,0.0,0.0,0.0,0.0,1424.6399000000001,0.0,0.0,0.0,0.0,0.0,101.82560000000001,0.0,189.0371,0.0,0.0,0.0,0.0,0.0,11.1445,0.0,0.0,0.0,0.0,994.1052,0.0,0.0,0.0,0.0,46.692,0.0,220.3446,114.6704,0.0,0.0,0.0,26.0792,231.4105,29.2401,0.0,132.652,0.0,136.8181,0.0,181.6786,82.836,87.6242,203.514,1531.0997000000002,247.83100000000002,0.0,17.6049
0.0,0.0,0.0,137.9865,0.0,1977.8846000000003,1160.204,0.0,0.0,7.9697,0.0,144.21949999999998,2507.2626999999998,6412.9958,69.7938,369.0410999999999,0.0,2024.3554000000004,5531.605100000001,0.0,54.2358,744.7253000000001,2319.2351,0.0,0.0,0.0,339.81489999999997,1477.4329,0.0,0.0,0.0,14.0162,0.0,0.0,0.0,0.0,0.0,0.0,0.0,0.0,0.0,0.0,0.0,0.0,0.0,0.0,0.0,0.0,59.699799999999996,0.0,0.0,0.0,0.0,1424.9614,0.0,0.0,0.0,0.0,0.0,104.6245,0.0,189.8463,0.0,0.0,0.0,0.0,0.0,11.0469,0.0,0.0,0.0,0.0,1000.0113,0.0,0.0,0.0,0.0,45.6823,0.0,217.2005,141.5944,0.0,0.0,0.0,25.975299999999997,229.09349999999998,29.195600000000002,0.0,132.2628,0.0,136.8717,0.0,178.537,84.8011,86.2969,203.2875,1562.3934,245.6219,0.0,17.6049
0.0,0.0,0.0,137.9381,0.0,2066.8731,1179.9198999999999,0.0,0.0,8.3049,0.0,177.19360000000003,2620.1349999999998,6486.0638,88.3995,417.47919999999993,0.0,2017.0939,5573.881,0.0,65.613,784.8319000000001,2614.8989,0.0,0.0,0.0,345.90999999999997,1471.0859000000003,0.0,0.0,0.0,14.0216,0.0,0.0,0.0,0.0,0.0,0.0,0.0,0.0,0.0,0.0,0.0,0.0,0.0,0.0,0.0,0.0,59.9195,0.0,0.0,0.0,0.0,1425.9368,0.0,0.0,0.0,0.0,0.0,101.75189999999999,0.0,191.1412,0.0,0.0,0.0,0.0,0.0,10.9392,0.0,0.0,0.0,0.0,1005.5315,0.0,0.0,0.0,0.0,44.1512,0.0,213.73180000000002,130.0871,0.0,0.0,0.0,25.897100000000002,228.0643,29.1907,0.0,132.0751,0.0,137.1663,0.0,169.6949,87.10239999999999,84.01719999999999,206.7566,1555.2868,245.1125,0.0,17.6049
0.0,0.0,0.0,130.6401,0.0,2143.1196999999997,1150.6493,0.0,0.0,7.3328,0.0,162.06810000000002,2731.2643,6920.937400000001,73.94839999999999,427.1995,0.0,2037.4447,5808.092499999999,0.0,57.3275,774.3523,2597.435,0.0,0.0,0.0,341.9323,1473.8362000000002,0.0,0.0,0.0,14.0904,0.0,0.0,0.0,0.0,0.0,0.0,0.0,0.0,0.0,0.0,0.0,0.0,0.0,0.0,0.0,0.0,65.5158,0.0,0.0,0.0,0.0,1427.6341,0.0,0.0,0.0,0.0,0.0,104.59649999999999,0.0,195.051,0.0,0.0,0.0,0.0,0.0,10.8282,0.0,0.0,0.0,0.0,1010.313,0.0,0.0,0.0,0.0,42.9151,0.0,213.9448,123.0237,0.0,0.0,0.0,25.834600000000002,228.382,29.2119,0.0,131.992,0.0,138.8889,0.0,172.49239999999998,88.6317,82.94800000000001,202.3259,1559.3078,252.81540000000004,0.0,17.6049
0.0,0.0,0.0,144.265,0.0,2143.165,1174.8056,0.0,0.0,7.3282,0.0,146.1622,2851.2158999999997,6760.3102,66.59949999999999,393.91020000000003,0.0,2007.4961,5828.1485999999995,0.0,51.8331,761.1328,2421.9885000000004,0.0,0.0,0.0,327.76820000000004,1485.1865000000003,0.0,0.0,0.0,14.0696,0.0,0.0,0.0,0.0,0.0,0.0,0.0,0.0,0.0,0.0,0.0,0.0,0.0,0.0,0.0,0.0,68.2038,0.0,0.0,0.0,0.0,1430.1069,0.0,0.0,0.0,0.0,0.0,105.05149999999999,0.0,197.8863,0.0,0.0,0.0,0.0,0.0,10.7154,0.0,0.0,0.0,0.0,1014.0484,0.0,0.0,0.0,0.0,42.0614,0.0,211.32139999999998,118.3179,0.0,0.0,0.0,25.784399999999998,228.2037,29.461,0.0,131.9925,0.0,137.9263,0.0,174.4247,86.8803,80.88949999999998,190.5097,1569.9099999999999,248.81120000000004,0.0,17.6049
